{
  "precision@k": 0.13864026809444935,
  "recall@k": 0.09101883594622705,
  "mrr": 0.3002597088966745,
  "ndcg@k": 0.14495887070404828
}